<?xml version="1.0" encoding="UTF-8" ?>
<!DOCTYPE configuration
  PUBLIC "-//mybatis.org//DTD Config 3.0//EN"
  "https://mybatis.org/dtd/mybatis-3-config.dtd">
<configuration>

  <!-- 외부 properties파일의 위치 설정  -->
  <properties resource="dbInfo.properties"></properties>
  
  <settings>
  	<!-- #{이름} 설정했을 때 값이 전달되지 않으면 NULL로 들어갈 수 있도록 설정  -->
  	<setting name="jdbcTypeForNull" value="NULL"/>
  </settings>
  
  <!-- 객체에 별칭만들기  -->
  <typeAliases>
  	<typeAlias type="db.dto.ProductDTO" alias="productDTO"/>
  </typeAliases>
  
  <environments default="development">
    <environment id="development">
      <transactionManager type="JDBC"/>
      <dataSource type="UNPOOLED">
        <property name="driver" value="${driverName}"/>
        <property name="url" value="${url}"/>
        <property name="username" value="${db.userName}"/>
        <property name="password" value="${db.userPass}"/>
      </dataSource>
    </environment>
  </environments>
  <mappers>
    <mapper resource="mapper/ProductMapper.xml"/>
  </mappers>
</configuration>